Route_name,Route_link,Bus_Name,Bus_Type,Departing_Time,Duration,Reaching_Time,Star_Rating,Price,Seats_available
Srinagar to Jammu (j and k),https://www.redbus.in/bus-tickets/srinagar-to-jammu,Jamna Travels-Jammu,Non AC Seater (2+2),19:00,11h 45m,06:45,2.1,600,29 Seats available
Srinagar to Jammu (j and k),https://www.redbus.in/bus-tickets/srinagar-to-jammu,New Pal Travels,NON A/C Seater / Sleeper (2+2),19:00,10h 00m,05:00,1.8,719,41 Seats available
Delhi to Srinagar,https://www.redbus.in/bus-tickets/delhi-to-srinagar,JKRTC - 172597,Volvo AC Seater (2+2),13:00,24h 00m,13:00,4.5,INR 2568.58,35 Seats available
Delhi to Srinagar,https://www.redbus.in/bus-tickets/delhi-to-srinagar,RAO TRAVELS INDIA PVT LTD.,Mercedes Benz A/C (2+2),16:00,19h 30m,11:30,2.2,INR 3000,48 Seats available
Jammu (j and k) to Srinagar,https://www.redbus.in/bus-tickets/jammu-to-srinagar,New Pal Travels,NON A/C Seater / Sleeper (2+2),21:15,10h 00m,07:15,2.0,719,36 Seats available
Jammu (j and k) to Srinagar,https://www.redbus.in/bus-tickets/jammu-to-srinagar,Jamna Travels-Jammu,Non AC Seater (2+2),21:30,10h 30m,08:00,1.4,508,32 Seats available
Jammu (j and k) to Srinagar,https://www.redbus.in/bus-tickets/jammu-to-srinagar,North Kashmir Tour and Travels,NON A/C Sleeper (2+2),16:30,10h 00m,02:30,1.0,INR 699,40 Seats available
Jammu (j and k) to Srinagar,https://www.redbus.in/bus-tickets/jammu-to-srinagar,North Kashmir Tour and Travels,NON A/C Sleeper (2+2),17:15,10h 00m,03:15,1.0,INR 699,40 Seats available
Katra (jammu and kashmir) to Jammu (j and k),https://www.redbus.in/bus-tickets/katra-to-jammu,JKRTC - 169884,A/C Seater Executive (2+1),12:00,01h 00m,13:00,2.3,INR 166,19 Seats available
Katra (jammu and kashmir) to Jammu (j and k),https://www.redbus.in/bus-tickets/katra-to-jammu,Vijay Tour and Travels,Bharat Benz A/C Seater /Sleeper (2+1),15:10,02h 05m,17:15,3.5,INR 500,34 Seats available
Katra (jammu and kashmir) to Jammu (j and k),https://www.redbus.in/bus-tickets/katra-to-jammu,Vijay Tour and Travels,Bharat Benz A/C Seater /Sleeper (2+1),15:50,02h 40m,18:30,3.5,INR 950,38 Seats available
Katra (jammu and kashmir) to Jammu (j and k),https://www.redbus.in/bus-tickets/katra-to-jammu,Vijay Tour and Travels,Bharat Benz A/C Seater /Sleeper (2+1),16:20,01h 40m,18:00,3.5,INR 500,38 Seats available
Katra (jammu and kashmir) to Jammu (j and k),https://www.redbus.in/bus-tickets/katra-to-jammu,Shiv Mohan Travels,AC Sleeper (2+1),17:00,01h 30m,18:30,4.3,588,36 Seats available
Katra (jammu and kashmir) to Jammu (j and k),https://www.redbus.in/bus-tickets/katra-to-jammu,Here Bus,A/C Seater / Sleeper (2+1),18:15,00h 30m,18:45,1.9,INR 856.19,38 Seats available
Katra (jammu and kashmir) to Jammu (j and k),https://www.redbus.in/bus-tickets/katra-to-jammu,Royal Golden,A/C Seater / Sleeper (2+2),13:00,01h 00m,14:00,4.0,320,35 Seats available
Katra (jammu and kashmir) to Jammu (j and k),https://www.redbus.in/bus-tickets/katra-to-jammu,FlixBus,Bharat Benz A/C Sleeper (2+1),18:30,01h 25m,19:55,3.7,INR 87.12,31 Seats available
Katra (jammu and kashmir) to Jammu (j and k),https://www.redbus.in/bus-tickets/katra-to-jammu,SHRI KRISHNA TRAVELS (JAI SHREE GANESH YATRA CO.),VE A/C Seater / Sleeper (2+1),19:00,01h 00m,20:00,1.2,713,38 Seats available
Katra (jammu and kashmir) to Jammu (j and k),https://www.redbus.in/bus-tickets/katra-to-jammu,Golden Temple Express Volvo,A/C Seater / Sleeper (2+2),23:00,01h 20m,00:20,3.6,399,34 Seats available
Katra (jammu and kashmir) to Jammu (j and k),https://www.redbus.in/bus-tickets/katra-to-jammu,City Land Travels,A/C Seater/Sleeper (2+1),19:00,01h 30m,20:30,1.2,619,32 Seats available
Katra (jammu and kashmir) to Jammu (j and k),https://www.redbus.in/bus-tickets/katra-to-jammu,Golden Temple Express Volvo,A/C Seater / Sleeper (2+2),14:00,01h 45m,15:45,1.9,349,26 Seats available
Katra (jammu and kashmir) to Jammu (j and k),https://www.redbus.in/bus-tickets/katra-to-jammu,Royal Golden,A/C Seater / Sleeper (2+2),23:00,01h 00m,00:00,3.7,495,32 Seats available
Katra (jammu and kashmir) to Jammu (j and k),https://www.redbus.in/bus-tickets/katra-to-jammu,Orbit Aviation Pvt. Ltd.,Mercedes Multi-Axle Semi Sleeper (2+2),13:00,01h 30m,14:30,4.0,1000,53 Seats available
Katra (jammu and kashmir) to Jammu (j and k),https://www.redbus.in/bus-tickets/katra-to-jammu,VGO BUS,A/C Seater/Sleeper (2+1),18:30,01h 00m,19:30,4.3,INR 1800,40 Seats available
Katra (jammu and kashmir) to Jammu (j and k),https://www.redbus.in/bus-tickets/katra-to-jammu,Shiv Mohan Travels,AC Sleeper (2+1),18:30,02h 00m,20:30,3.7,1285,36 Seats available
Katra (jammu and kashmir) to Jammu (j and k),https://www.redbus.in/bus-tickets/katra-to-jammu,SHRI KRISHNA TRAVELS (JAI SHREE GANESH YATRA CO.),VE A/C Seater / Sleeper (2+1),20:00,01h 00m,21:00,3.7,1424,38 Seats available
Katra (jammu and kashmir) to Jammu (j and k),https://www.redbus.in/bus-tickets/katra-to-jammu,SPEED BUS,A/C Volvo B11R Multi-Axle Sleeper (2+1),20:00,01h 30m,21:30,,INR 3500,36 Seats available
Jammu (j and k) to Chandigarh,https://www.redbus.in/bus-tickets/jammu-to-chandigarh,Chandigarh Transport Undertaking (CTU) - 165941,HVAC Seater (2+3),08:50,09h 35m,18:25,3.3,INR 638.8,47 Seats available
Jammu (j and k) to Chandigarh,https://www.redbus.in/bus-tickets/jammu-to-chandigarh,Laxmi holidays,Bharat Benz A/C Sleeper (2+1),21:30,07h 20m,04:50,4.5,570,36 Seats available
Jammu (j and k) to Chandigarh,https://www.redbus.in/bus-tickets/jammu-to-chandigarh,Laxmi holidays,Bharat Benz A/C Sleeper (2+1),21:15,07h 15m,04:30,4.5,570,33 Seats available
Jammu (j and k) to Chandigarh,https://www.redbus.in/bus-tickets/jammu-to-chandigarh,AdNew Pal Travels,A/C Sleeper (2+1),22:00,07h 30m,05:30,4.4,539,29 Seats available
Jammu (j and k) to Chandigarh,https://www.redbus.in/bus-tickets/jammu-to-chandigarh,Laxmi holidays,Bharat Benz A/C Seater /Sleeper (2+1),20:50,07h 30m,04:20,4.4,551,33 Seats available
Jammu (j and k) to Chandigarh,https://www.redbus.in/bus-tickets/jammu-to-chandigarh,Laxmi holidays,Volvo 9600 Multi-Axle A/C Sleeper (2+1),18:45,07h 15m,02:00,4.6,693,37 Seats available
Jammu (j and k) to Chandigarh,https://www.redbus.in/bus-tickets/jammu-to-chandigarh,Laxmi holidays,VE A/C Seater / Sleeper (2+1),22:15,06h 55m,05:10,4.4,INR 425,44 Seats available
Jammu (j and k) to Chandigarh,https://www.redbus.in/bus-tickets/jammu-to-chandigarh,AdNew Pal Travels,A/C Sleeper (2+1),21:30,07h 45m,05:15,3.8,539,32 Seats available
Jammu (j and k) to Chandigarh,https://www.redbus.in/bus-tickets/jammu-to-chandigarh,Laxmi holidays,Bharat Benz A/C Seater /Sleeper (2+1),17:35,07h 55m,01:30,4.4,INR 400,36 Seats available
Jammu (j and k) to Chandigarh,https://www.redbus.in/bus-tickets/jammu-to-chandigarh,Baru travels,A/C Seater / Sleeper (2+2),21:45,07h 20m,05:05,4.2,405,44 Seats available
Jammu (j and k) to Chandigarh,https://www.redbus.in/bus-tickets/jammu-to-chandigarh,Zimindara Travels,A/C Seater / Sleeper (2+1),13:15,07h 30m,20:45,4.1,480,21 Seats available
Jammu (j and k) to Chandigarh,https://www.redbus.in/bus-tickets/jammu-to-chandigarh,Zimindara Travels,AC Sleeper (2+1),20:50,07h 30m,04:20,4.1,568,14 Seats available
Jammu (j and k) to Chandigarh,https://www.redbus.in/bus-tickets/jammu-to-chandigarh,Moon Light Travels Katra,A/C Sleeper (2+1),22:15,07h 50m,06:05,3.6,539,35 Seats available
Jammu (j and k) to Chandigarh,https://www.redbus.in/bus-tickets/jammu-to-chandigarh,Moon Light Travels Katra,A/C Sleeper (2+1),20:15,08h 05m,04:20,4.2,584,31 Seats available
Jammu (j and k) to Chandigarh,https://www.redbus.in/bus-tickets/jammu-to-chandigarh,Laxmi holidays,Volvo 9600 Multi-Axle A/C Sleeper (2+1),20:15,07h 25m,03:40,4.3,769,33 Seats available
Jammu (j and k) to Chandigarh,https://www.redbus.in/bus-tickets/jammu-to-chandigarh,Jamna Travels-Jammu,AshokLeyland Stile A/C,21:00,07h 30m,04:30,3.9,555,18 Seats available
Jammu (j and k) to Chandigarh,https://www.redbus.in/bus-tickets/jammu-to-chandigarh,Radhe Travels,Bharat Benz A/C Sleeper (2+1),21:25,07h 50m,05:15,3.9,494,32 Seats available
Jammu (j and k) to Chandigarh,https://www.redbus.in/bus-tickets/jammu-to-chandigarh,Khurana Bus Service,Volvo A/C (2+2),13:30,07h 20m,20:50,3.8,552,39 Seats available
Jammu (j and k) to Chandigarh,https://www.redbus.in/bus-tickets/jammu-to-chandigarh,IntrCity SmartBus,A/C Seater / Sleeper (2+1),20:50,07h 30m,04:20,4.9,INR 450,34 Seats available
Jammu (j and k) to Chandigarh,https://www.redbus.in/bus-tickets/jammu-to-chandigarh,Harikesh Tour N Travels,A/C Sleeper (2+1),21:10,07h 20m,04:30,4.2,481,27 Seats available
Jammu (j and k) to Chandigarh,https://www.redbus.in/bus-tickets/jammu-to-chandigarh,Zimindara Travels,AC Sleeper (2+1),21:30,07h 30m,05:00,3.0,568,19 Seats available
Jammu (j and k) to Chandigarh,https://www.redbus.in/bus-tickets/jammu-to-chandigarh,Laxmi holidays,Bharat Benz A/C Sleeper (2+1),18:15,07h 45m,02:00,4.6,570,27 Seats available
Jammu (j and k) to Chandigarh,https://www.redbus.in/bus-tickets/jammu-to-chandigarh,Hari Das Tour &Travels,Bharat Benz A/C Seater /Sleeper (2+1),16:20,07h 38m,23:58,4.4,629,32 Seats available
Jammu (j and k) to Chandigarh,https://www.redbus.in/bus-tickets/jammu-to-chandigarh,SHRI KRISHNA TRAVELS (JAI SHREE GANESH YATRA CO.),VE A/C Seater / Sleeper (2+1),20:00,07h 55m,03:55,3.4,INR 720,18 Seats available
Jammu (j and k) to Chandigarh,https://www.redbus.in/bus-tickets/jammu-to-chandigarh,Zimindara Travels,AC Sleeper (2+1),14:55,08h 00m,22:55,4.5,568,32 Seats available
Jammu (j and k) to Chandigarh,https://www.redbus.in/bus-tickets/jammu-to-chandigarh,Gola Bus Service,A/C Seater/Sleeper (2+1),20:20,07h 30m,03:50,4.7,INR 699,35 Seats available
Jammu (j and k) to Chandigarh,https://www.redbus.in/bus-tickets/jammu-to-chandigarh,Baru travels,A/C Seater / Sleeper (2+2),21:45,07h 05m,04:50,3.8,449,44 Seats available
Jammu (j and k) to Chandigarh,https://www.redbus.in/bus-tickets/jammu-to-chandigarh,Ashok Bus Service,VE A/C Seater / Sleeper (2+1),20:30,07h 20m,03:50,4.2,474,34 Seats available
Jammu (j and k) to Chandigarh,https://www.redbus.in/bus-tickets/jammu-to-chandigarh,Ram Dalal Holidays,Bharat Benz A/C Sleeper (2+1),20:15,07h 15m,03:30,4.3,350,35 Seats available
Jammu (j and k) to Chandigarh,https://www.redbus.in/bus-tickets/jammu-to-chandigarh,Khurana Bus Service,Volvo A/C (2+2),13:30,07h 40m,21:10,3.8,637,38 Seats available
Jammu (j and k) to Chandigarh,https://www.redbus.in/bus-tickets/jammu-to-chandigarh,Radhe Travels,Bharat Benz A/C Sleeper (2+1),21:25,07h 15m,04:40,4.1,473,28 Seats available
Jammu (j and k) to Chandigarh,https://www.redbus.in/bus-tickets/jammu-to-chandigarh,Ram Dalal Holidays,Bharat Benz A/C Sleeper (2+1),18:45,07h 15m,02:00,4.5,495,25 Seats available
Jammu (j and k) to Chandigarh,https://www.redbus.in/bus-tickets/jammu-to-chandigarh,City Land Travels,A/C Seater/Sleeper (2+1),20:30,07h 45m,04:15,3.4,619,29 Seats available
Jammu (j and k) to Chandigarh,https://www.redbus.in/bus-tickets/jammu-to-chandigarh,Ram Dalal Holidays,Bharat Benz A/C Sleeper (2+1),21:45,07h 20m,05:05,3.8,585,38 Seats available
Jammu (j and k) to Chandigarh,https://www.redbus.in/bus-tickets/jammu-to-chandigarh,Jamna Travels-Jammu,AshokLeyland Stile A/C,21:45,07h 30m,05:15,2.4,INR 599,16 Seats available
Jammu (j and k) to Chandigarh,https://www.redbus.in/bus-tickets/jammu-to-chandigarh,Orbit Aviation Pvt. Ltd.,Mercedes Multi-Axle Semi Sleeper (2+2),07:00,06h 50m,13:50,4.3,449,35 Seats available
Jammu (j and k) to Chandigarh,https://www.redbus.in/bus-tickets/jammu-to-chandigarh,BSS COOL COOL TRAVELS,A/C Seater / Sleeper (2+2),20:15,07h 25m,03:40,4.1,INR 799,28 Seats available
Jammu (j and k) to Chandigarh,https://www.redbus.in/bus-tickets/jammu-to-chandigarh,Awadh Travels,A/C Sleeper (2+2),20:55,07h 05m,04:00,3.8,1109,46 Seats available
Jammu (j and k) to Chandigarh,https://www.redbus.in/bus-tickets/jammu-to-chandigarh,Just kailash,A/C Seater / Sleeper (2+2),21:45,07h 15m,05:00,2.9,479,46 Seats available
Jammu (j and k) to Chandigarh,https://www.redbus.in/bus-tickets/jammu-to-chandigarh,Big Bus,A/C Seater / Sleeper (2+2),18:30,06h 30m,01:00,2.5,695,28 Seats available
Jammu (j and k) to Chandigarh,https://www.redbus.in/bus-tickets/jammu-to-chandigarh,Shiv Mohan Travels,AC Sleeper (2+1),18:30,09h 00m,03:30,4.3,1071,36 Seats available
Jammu (j and k) to Chandigarh,https://www.redbus.in/bus-tickets/jammu-to-chandigarh,Big Bus,A/C Seater / Sleeper (2+2),21:00,06h 30m,03:30,2.5,699,34 Seats available
Jammu (j and k) to Chandigarh,https://www.redbus.in/bus-tickets/jammu-to-chandigarh,Big Bus,A/C Seater / Sleeper (2+2),23:00,06h 30m,05:30,2.5,699,32 Seats available
Jammu (j and k) to Chandigarh,https://www.redbus.in/bus-tickets/jammu-to-chandigarh,Vijay Tour and Travels,Bharat Benz A/C Seater /Sleeper (2+1),18:00,08h 20m,02:20,4.1,INR 700,38 Seats available
Jammu (j and k) to Chandigarh,https://www.redbus.in/bus-tickets/jammu-to-chandigarh,SL Choudhary travels,Bharat Benz A/C Seater / Sleeper (2+2),21:20,07h 40m,05:00,2.5,539,48 Seats available
Jammu (j and k) to Chandigarh,https://www.redbus.in/bus-tickets/jammu-to-chandigarh,RK Holiday,A/C Seater / Sleeper (2+2),22:10,07h 50m,06:00,3.1,INR 2000,26 Seats available
Jammu (j and k) to Chandigarh,https://www.redbus.in/bus-tickets/jammu-to-chandigarh,SL Choudhary travels,Bharath Benz A/C Sleeper (2+2),21:20,07h 40m,05:00,2.6,584,32 Seats available
Jammu (j and k) to Chandigarh,https://www.redbus.in/bus-tickets/jammu-to-chandigarh,Travel Point,A/C Seater / Sleeper (2+2),15:45,07h 45m,23:30,2.8,513,44 Seats available
Jammu (j and k) to Chandigarh,https://www.redbus.in/bus-tickets/jammu-to-chandigarh,Apex Bus Travels,A/C Seater / Sleeper (2+2),21:45,04h 45m,02:30,2.5,899,42 Seats available
Jammu (j and k) to Chandigarh,https://www.redbus.in/bus-tickets/jammu-to-chandigarh,Awadh Travels,A/C Sleeper (2+1),21:30,07h 15m,04:45,3.2,600,36 Seats available
Jammu (j and k) to Chandigarh,https://www.redbus.in/bus-tickets/jammu-to-chandigarh,Lucky Bus Service,VE A/C Sleeper (2+2),21:00,07h 45m,04:45,3.5,1439,28 Seats available
Jammu (j and k) to Chandigarh,https://www.redbus.in/bus-tickets/jammu-to-chandigarh,Orbit Aviation Pvt. Ltd.,Mercedes Multi-Axle Semi Sleeper (2+2),14:30,07h 15m,21:45,3.9,449,39 Seats available
Jammu (j and k) to Chandigarh,https://www.redbus.in/bus-tickets/jammu-to-chandigarh,Goel Tourist (Regd),A/C Seater / Sleeper (2+2),16:30,08h 00m,00:30,1.9,INR 888,44 Seats available
Jammu (j and k) to Chandigarh,https://www.redbus.in/bus-tickets/jammu-to-chandigarh,Orbit Aviation Pvt. Ltd.,Mercedes Multi-Axle Semi Sleeper (2+2),14:30,07h 25m,21:55,3.7,449,39 Seats available
Jammu (j and k) to Chandigarh,https://www.redbus.in/bus-tickets/jammu-to-chandigarh,Orbit Aviation Pvt. Ltd.,Mercedes Multi-Axle Semi Sleeper (2+2),14:30,07h 35m,22:05,3.7,449,39 Seats available
Jammu (j and k) to Chandigarh,https://www.redbus.in/bus-tickets/jammu-to-chandigarh,BSS COOL COOL TRAVELS,A/C Seater / Sleeper (2+2),17:30,09h 15m,02:45,4.1,INR 799,20 Seats available
Jammu (j and k) to Chandigarh,https://www.redbus.in/bus-tickets/jammu-to-chandigarh,Travel Point,A/C Seater / Sleeper (2+2),18:30,07h 45m,02:15,3.3,856,50 Seats available
Jammu (j and k) to Chandigarh,https://www.redbus.in/bus-tickets/jammu-to-chandigarh,Jamna Travels (Delhi),A/C Seater / Sleeper (2+2),21:00,08h 15m,05:15,4.0,INR 949,24 Seats available
Jammu (j and k) to Chandigarh,https://www.redbus.in/bus-tickets/jammu-to-chandigarh,City Land Travels,A/C Seater/Sleeper (2+1),18:30,07h 00m,01:30,2.2,709,40 Seats available
Jammu (j and k) to Chandigarh,https://www.redbus.in/bus-tickets/jammu-to-chandigarh,Orbit Aviation Pvt. Ltd.,Mercedes Multi-Axle Semi Sleeper (2+2),07:00,06h 30m,13:30,2.7,449,35 Seats available
Jammu (j and k) to Chandigarh,https://www.redbus.in/bus-tickets/jammu-to-chandigarh,Shub Yatra Holidays,A/C Sleeper (2+2),21:15,08h 00m,05:15,1.8,INR 2399,28 Seats available
Jammu (j and k) to Chandigarh,https://www.redbus.in/bus-tickets/jammu-to-chandigarh,Ashok Travels,A/C Seater / Sleeper (2+2),17:30,06h 30m,00:00,2.3,683,52 Seats available
Jammu (j and k) to Chandigarh,https://www.redbus.in/bus-tickets/jammu-to-chandigarh,Orbit Aviation Pvt. Ltd.,Mercedes Multi-Axle Semi Sleeper (2+2),07:00,06h 40m,13:40,3.9,449,35 Seats available
Jammu (j and k) to Chandigarh,https://www.redbus.in/bus-tickets/jammu-to-chandigarh,Shiv Mohan Travels,AC Sleeper (2+1),20:30,07h 45m,04:15,4.3,1285,36 Seats available
Jammu (j and k) to Chandigarh,https://www.redbus.in/bus-tickets/jammu-to-chandigarh,Khurana Bus Service,Volvo A/C (2+2),13:30,08h 40m,22:10,3.3,1020,37 Seats available
Jammu (j and k) to Chandigarh,https://www.redbus.in/bus-tickets/jammu-to-chandigarh,Khurana Bus Service,Volvo A/C (2+2),13:30,08h 20m,21:50,3.3,1020,37 Seats available
Jammu (j and k) to Chandigarh,https://www.redbus.in/bus-tickets/jammu-to-chandigarh,SWAGATAM TOUR HOLIDAY,A/C Sleeper (2+2),20:00,06h 45m,02:45,2.5,1439,42 Seats available
Jammu (j and k) to Chandigarh,https://www.redbus.in/bus-tickets/jammu-to-chandigarh,Apex Bus Travels,A/C Seater / Sleeper (2+2),20:00,05h 15m,01:15,,1799,40 Seats available
Chandigarh to Jammu (j and k),https://www.redbus.in/bus-tickets/chandigarh-to-jammu,Chandigarh Transport Undertaking (CTU) - 165940,HVAC Seater (2+3),15:40,09h 25m,01:05,3.7,INR 638.8,47 Seats available
Chandigarh to Jammu (j and k),https://www.redbus.in/bus-tickets/chandigarh-to-jammu,Laxmi holidays,Bharat Benz A/C Seater /Sleeper (2+1),23:05,06h 55m,06:00,4.5,INR 450,35 Seats available
Chandigarh to Jammu (j and k),https://www.redbus.in/bus-tickets/chandigarh-to-jammu,Laxmi holidays,Bharat Benz A/C Seater /Sleeper (2+1),22:50,07h 10m,06:00,4.4,760,39 Seats available
Chandigarh to Jammu (j and k),https://www.redbus.in/bus-tickets/chandigarh-to-jammu,AdJamna Travels-Jammu,AshokLeyland Stile A/C,20:30,08h 00m,04:30,4.1,509,34 Seats available
Chandigarh to Jammu (j and k),https://www.redbus.in/bus-tickets/chandigarh-to-jammu,Moon Light Travels Katra,A/C Sleeper (2+1),21:15,07h 15m,04:30,4.3,584,29 Seats available
Chandigarh to Jammu (j and k),https://www.redbus.in/bus-tickets/chandigarh-to-jammu,Zimindara Travels,A/C Seater / Sleeper (2+1),22:30,07h 00m,05:30,4.2,437,33 Seats available
Chandigarh to Jammu (j and k),https://www.redbus.in/bus-tickets/chandigarh-to-jammu,Laxmi holidays,Bharat Benz A/C Sleeper (2+1),23:30,07h 30m,07:00,4.3,598,33 Seats available
Chandigarh to Jammu (j and k),https://www.redbus.in/bus-tickets/chandigarh-to-jammu,AdNew Pal Travels,A/C Sleeper (2+1),19:30,10h 15m,05:45,3.8,584,31 Seats available
Chandigarh to Jammu (j and k),https://www.redbus.in/bus-tickets/chandigarh-to-jammu,Khurana Bus Service,Volvo A/C (2+2),15:05,07h 45m,22:50,3.5,680,29 Seats available
Chandigarh to Jammu (j and k),https://www.redbus.in/bus-tickets/chandigarh-to-jammu,Laxmi holidays,Volvo 9600 Multi-Axle A/C Sleeper (2+1),23:50,07h 10m,07:00,4.2,816,21 Seats available
Chandigarh to Jammu (j and k),https://www.redbus.in/bus-tickets/chandigarh-to-jammu,Baru travels,A/C Seater / Sleeper (2+2),19:30,08h 45m,04:15,4.0,360,43 Seats available
Chandigarh to Jammu (j and k),https://www.redbus.in/bus-tickets/chandigarh-to-jammu,Harikesh Tour N Travels,A/C Sleeper (2+1),21:00,07h 30m,04:30,4.0,481,29 Seats available
Chandigarh to Jammu (j and k),https://www.redbus.in/bus-tickets/chandigarh-to-jammu,Hari Das Tour &Travels,Bharat Benz A/C Seater /Sleeper (2+1),04:25,06h 35m,11:00,3.6,449,17 Seats available
Chandigarh to Jammu (j and k),https://www.redbus.in/bus-tickets/chandigarh-to-jammu,Radhe Travels,Bharat Benz A/C Sleeper (2+1),21:30,07h 15m,04:45,3.3,494,30 Seats available
Chandigarh to Jammu (j and k),https://www.redbus.in/bus-tickets/chandigarh-to-jammu,Moon Light Travels Katra,A/C Sleeper (2+1),22:00,07h 25m,05:25,4.0,584,34 Seats available
Chandigarh to Jammu (j and k),https://www.redbus.in/bus-tickets/chandigarh-to-jammu,Radhe Travels,Bharat Benz A/C Sleeper (2+1),21:20,07h 25m,04:45,4.2,494,30 Seats available
Chandigarh to Jammu (j and k),https://www.redbus.in/bus-tickets/chandigarh-to-jammu,Laxmi holidays,Volvo 9600 Multi-Axle A/C Sleeper (2+1),02:30,07h 45m,10:15,4.2,694,25 Seats available
Chandigarh to Jammu (j and k),https://www.redbus.in/bus-tickets/chandigarh-to-jammu,SHRI KRISHNA TRAVELS (JAI SHREE GANESH YATRA CO.),VE A/C Seater / Sleeper (2+1),23:30,07h 30m,07:00,3.7,664,30 Seats available
Chandigarh to Jammu (j and k),https://www.redbus.in/bus-tickets/chandigarh-to-jammu,Zimindara Travels,AC Sleeper (2+1),21:30,07h 00m,04:30,3.9,524,26 Seats available
Chandigarh to Jammu (j and k),https://www.redbus.in/bus-tickets/chandigarh-to-jammu,Zimindara Travels,AC Sleeper (2+1),22:00,07h 00m,05:00,3.7,568,28 Seats available
Chandigarh to Jammu (j and k),https://www.redbus.in/bus-tickets/chandigarh-to-jammu,Laxmi holidays,Bharat Benz A/C Sleeper (2+1),03:10,07h 50m,11:00,4.0,701,2 Seats available
Chandigarh to Jammu (j and k),https://www.redbus.in/bus-tickets/chandigarh-to-jammu,Zimindara Travels,AC Sleeper (2+1),23:00,07h 00m,06:00,3.7,612,33 Seats available
Chandigarh to Jammu (j and k),https://www.redbus.in/bus-tickets/chandigarh-to-jammu,Laxmi holidays,Bharat Benz A/C Seater /Sleeper (2+1),03:00,07h 20m,10:20,3.5,546,16 Seats available
Chandigarh to Jammu (j and k),https://www.redbus.in/bus-tickets/chandigarh-to-jammu,Lavish Travels,A/C Seater / Sleeper (2+2),01:00,07h 15m,08:15,3.0,500,18 Seats available
Chandigarh to Jammu (j and k),https://www.redbus.in/bus-tickets/chandigarh-to-jammu,Orbit Aviation Pvt. Ltd.,Mercedes Multi-Axle Semi Sleeper (2+2),06:20,07h 00m,13:20,3.7,449,32 Seats available
Chandigarh to Jammu (j and k),https://www.redbus.in/bus-tickets/chandigarh-to-jammu,Khurana Bus Service,Volvo A/C (2+2),15:00,07h 50m,22:50,2.8,722,29 Seats available
Chandigarh to Jammu (j and k),https://www.redbus.in/bus-tickets/chandigarh-to-jammu,SAHARA TRAVELS,A/C Seater / Sleeper (2+2),21:15,08h 00m,05:15,2.3,480,36 Seats available
Chandigarh to Jammu (j and k),https://www.redbus.in/bus-tickets/chandigarh-to-jammu,Ram Dalal Holidays,Bharat Benz A/C Sleeper (2+1),02:00,06h 50m,08:50,2.3,499,9 Seats available
Chandigarh to Jammu (j and k),https://www.redbus.in/bus-tickets/chandigarh-to-jammu,Gola Bus Service,VE A/C Seater / Sleeper (2+1),01:30,07h 30m,09:00,4.5,INR 399,7 Seats available
Chandigarh to Jammu (j and k),https://www.redbus.in/bus-tickets/chandigarh-to-jammu,Orbit Aviation Pvt. Ltd.,Mercedes Multi-Axle Semi Sleeper (2+2),06:27,06h 53m,13:20,3.3,449,34 Seats available
Chandigarh to Jammu (j and k),https://www.redbus.in/bus-tickets/chandigarh-to-jammu,BSS COOL COOL TRAVELS,A/C Seater / Sleeper (2+2),03:30,06h 00m,09:30,4.1,INR 699,12 Seats available
Chandigarh to Jammu (j and k),https://www.redbus.in/bus-tickets/chandigarh-to-jammu,MV Travels,A/C Seater / Sleeper (2+2),23:00,07h 00m,06:00,4.0,719,36 Seats available
Chandigarh to Jammu (j and k),https://www.redbus.in/bus-tickets/chandigarh-to-jammu,Jamna Travels (Delhi),A/C Seater / Sleeper (2+2),23:29,07h 46m,07:15,3.3,INR 999,24 Seats available
Chandigarh to Jammu (j and k),https://www.redbus.in/bus-tickets/chandigarh-to-jammu,Khurana Bus Service,Volvo A/C (2+2),16:10,06h 00m,22:10,3.7,679,35 Seats available
Chandigarh to Jammu (j and k),https://www.redbus.in/bus-tickets/chandigarh-to-jammu,Orbit Aviation Pvt. Ltd.,Mercedes Multi-Axle Semi Sleeper (2+2),06:25,06h 55m,13:20,3.3,449,33 Seats available
Chandigarh to Jammu (j and k),https://www.redbus.in/bus-tickets/chandigarh-to-jammu,Khurana Bus Service,Volvo A/C (2+2),16:00,06h 10m,22:10,4.8,679,35 Seats available
Chandigarh to Jammu (j and k),https://www.redbus.in/bus-tickets/chandigarh-to-jammu,IntrCity SmartBus,A/C Seater / Sleeper (2+1),02:30,07h 00m,09:30,3.0,INR 504,5 Seats available
Chandigarh to Jammu (j and k),https://www.redbus.in/bus-tickets/chandigarh-to-jammu,Vijay Tour and Travels,Bharat Benz A/C Seater /Sleeper (2+1),23:30,07h 30m,07:00,3.5,INR 799,38 Seats available
Chandigarh to Jammu (j and k),https://www.redbus.in/bus-tickets/chandigarh-to-jammu,Lucky Bus Service,Volvo A/C Sleeper (2+2),23:45,06h 30m,06:15,3.0,1079,32 Seats available
Chandigarh to Jammu (j and k),https://www.redbus.in/bus-tickets/chandigarh-to-jammu,Awadh Travels,A/C Sleeper (2+2),21:30,07h 15m,04:45,2.2,545,44 Seats available
Chandigarh to Jammu (j and k),https://www.redbus.in/bus-tickets/chandigarh-to-jammu,Goel Tourist (Regd),A/C Seater / Sleeper (2+2),23:15,07h 15m,06:30,3.4,INR 888,44 Seats available
Chandigarh to Jammu (j and k),https://www.redbus.in/bus-tickets/chandigarh-to-jammu,Orbit Aviation Pvt. Ltd.,Mercedes Multi-Axle Semi Sleeper (2+2),13:40,07h 00m,20:40,2.9,449,49 Seats available
Chandigarh to Jammu (j and k),https://www.redbus.in/bus-tickets/chandigarh-to-jammu,Kedara Bus,A/C Seater / Sleeper (2+1),01:30,05h 20m,06:50,4.5,INR 1499,26 Seats available
Chandigarh to Jammu (j and k),https://www.redbus.in/bus-tickets/chandigarh-to-jammu,Ram Dalal Holidays,Bharat Benz A/C Sleeper (2+1),01:05,06h 10m,07:15,3.9,499,4 Seats available
Chandigarh to Jammu (j and k),https://www.redbus.in/bus-tickets/chandigarh-to-jammu,Orbit Aviation Pvt. Ltd.,Mercedes Multi-Axle Semi Sleeper (2+2),13:45,06h 55m,20:40,4.5,449,49 Seats available
Chandigarh to Jammu (j and k),https://www.redbus.in/bus-tickets/chandigarh-to-jammu,Gola Bus Service,VE A/C Seater / Sleeper (2+1),00:05,06h 55m,07:00,2.8,INR 1599,45 Seats available
Chandigarh to Jammu (j and k),https://www.redbus.in/bus-tickets/chandigarh-to-jammu,Orbit Aviation Pvt. Ltd.,Mercedes Multi-Axle Semi Sleeper (2+2),13:47,06h 53m,20:40,3.6,449,49 Seats available
Chandigarh to Jammu (j and k),https://www.redbus.in/bus-tickets/chandigarh-to-jammu,Jamna Travels-Jammu,A/C Sleeper (2+2),22:00,08h 00m,06:00,3.1,INR 1299,44 Seats available
Chandigarh to Jammu (j and k),https://www.redbus.in/bus-tickets/chandigarh-to-jammu,RK Holiday,A/C Seater / Sleeper (2+2),23:20,08h 40m,08:00,3.1,INR 608,29 Seats available
Chandigarh to Jammu (j and k),https://www.redbus.in/bus-tickets/chandigarh-to-jammu,RK Holiday,A/C Seater / Sleeper (2+2),23:55,07h 40m,07:35,2.8,INR 541,30 Seats available
Chandigarh to Jammu (j and k),https://www.redbus.in/bus-tickets/chandigarh-to-jammu,CAPITAL HOLIDAYS,A/C Seater / Sleeper (2+2),23:00,06h 00m,05:00,2.8,INR 599,39 Seats available
Chandigarh to Jammu (j and k),https://www.redbus.in/bus-tickets/chandigarh-to-jammu,CAPITAL HOLIDAYS,A/C Seater / Sleeper (2+2),21:30,06h 00m,03:30,2.5,INR 599,39 Seats available
Chandigarh to Jammu (j and k),https://www.redbus.in/bus-tickets/chandigarh-to-jammu,Big Bus,A/C Seater / Sleeper (2+2),20:20,07h 10m,03:30,2.5,INR 695,39 Seats available
Chandigarh to Jammu (j and k),https://www.redbus.in/bus-tickets/chandigarh-to-jammu,Big Bus,A/C Seater / Sleeper (2+2),22:25,07h 10m,05:35,2.5,INR 695,39 Seats available
Chandigarh to Jammu (j and k),https://www.redbus.in/bus-tickets/chandigarh-to-jammu,SL Choudhary travels,Bharath Benz A/C Sleeper (2+2),21:25,07h 35m,05:00,2.2,900,36 Seats available
Chandigarh to Jammu (j and k),https://www.redbus.in/bus-tickets/chandigarh-to-jammu,RAO TRAVELS INDIA PVT LTD.,Mercedes Benz A/C (2+2),23:00,04h 30m,03:30,1.2,INR 3000,48 Seats available
Chandigarh to Jammu (j and k),https://www.redbus.in/bus-tickets/chandigarh-to-jammu,MM Travels,A/C Seater / Sleeper (2+2),16:15,05h 55m,22:10,,INR 649,41 Seats available
Chandigarh to Jammu (j and k),https://www.redbus.in/bus-tickets/chandigarh-to-jammu,SWAGATAM TOUR HOLIDAY,A/C Sleeper (2+2),23:59,07h 01m,07:00,,1439,42 Seats available
Chandigarh to Jammu (j and k),https://www.redbus.in/bus-tickets/chandigarh-to-jammu,SWAGATAM TOUR HOLIDAY,Volvo A/C Multi-Axle Semi Sleeper (2+2),16:00,31h 00m,23:00,,1799,49 Seats available
Kishtwar to Jammu (j and k),https://www.redbus.in/bus-tickets/kishtwar-to-jammu,Manpreet Travels,NON A/C Seater (2+2),04:00,08h 00m,12:00,1.4,INR 400,27 Seats available
Kishtwar to Jammu (j and k),https://www.redbus.in/bus-tickets/kishtwar-to-jammu,Manpreet Travels,NON A/C Seater (2+2),05:40,07h 50m,13:30,1.4,INR 400,27 Seats available
Kishtwar to Jammu (j and k),https://www.redbus.in/bus-tickets/kishtwar-to-jammu,Manpreet Travels,NON A/C Seater (2+2),07:00,08h 00m,15:00,1.4,INR 400,27 Seats available
Kishtwar to Jammu (j and k),https://www.redbus.in/bus-tickets/kishtwar-to-jammu,Manpreet Travels,NON A/C Seater (2+2),08:50,08h 40m,17:30,1.4,INR 400,27 Seats available
Kishtwar to Jammu (j and k),https://www.redbus.in/bus-tickets/kishtwar-to-jammu,Manpreet Travels,NON A/C Seater (2+2),09:40,07h 50m,17:30,1.4,INR 400,27 Seats available
Kishtwar to Jammu (j and k),https://www.redbus.in/bus-tickets/kishtwar-to-jammu,Manpreet Travels,NON A/C Seater (2+2),06:00,08h 30m,14:30,1.4,INR 400,27 Seats available
